t,z,y,x_star (Gurobi),x_hat_OLS,x_hat_DF_unbounded (clipped),cost(x*),cost(OLS),cost(DF-unbounded)
1,1.0,0.5,0.25,0.5403571428571429,0.6510714285695567,-0.0625,0.02180727040816327,0.098358290814825
2,4.0,2.33,1.0,0.7332142857142857,0.8321428571414045,-1.33,-1.1707860969387756,-1.2464311224480125
3,5.0,2.43,1.0,0.7975,0.8924999999986871,-1.4300000000000002,-1.30191875,-1.3722187499991532
4,10.0,1.88,0.94,1.0,1.0,-0.8835999999999999,-0.8799999999999999,-0.8799999999999999
